time,sensor_gps_raw/carrier_phase.00_rate,sensor_gps_raw/carrier_phase.01_rate,sensor_gps_raw/carrier_phase.02_rate,sensor_gps_raw/carrier_phase.03_rate,sensor_gps_raw/carrier_phase.04_rate,sensor_gps_raw/carrier_phase.05_rate,sensor_gps_raw/carrier_phase.06_rate,sensor_gps_raw/carrier_phase.07_rate,sensor_gps_raw/carrier_phase.08_rate,sensor_gps_raw/carrier_phase.09_rate,sensor_gps_raw/carrier_phase.10_rate,sensor_gps_raw/carrier_phase.11_rate,sensor_gps_raw/carrier_phase.12_rate,sensor_gps_raw/carrier_phase.13_rate,sensor_gps_raw/carrier_phase.14_rate,sensor_gps_raw/carrier_phase.15_rate,sensor_gps_raw/carrier_phase.16_rate,sensor_gps_raw/carrier_phase.17_rate,sensor_gps_raw/carrier_phase.18_rate,sensor_gps_raw/carrier_phase.19_rate,sensor_gps_raw/carrier_phase.20_rate,sensor_gps_raw/carrier_phase.21_rate,sensor_gps_raw/carrier_phase.22_rate,sensor_gps_raw/carrier_phase.23_rate,sensor_gps_raw/carrier_phase.24_rate,sensor_gps_raw/carrier_phase.25_rate,sensor_gps_raw/carrier_phase.26_rate,sensor_gps_raw/carrier_phase.27_rate,sensor_gps_raw/carrier_phase.28_rate,sensor_gps_raw/carrier_phase.29_rate,sensor_gps_raw/carrier_phase.30_rate,sensor_gps_raw/carrier_phase.31_rate
1305.950799,,,,,,,,,,,,,,,,,,,,,,,,,,,,,,,,
1306.950683,0.0,0.0,0.0,0.0,0.0,0.0,0.0,0.0,0.0,0.0,,,,,,,,,,,,,,,,,,,,,,
1307.950103,0.200569536536932,0.11322473362088203,0.14823877066373825,0.20970362424850464,0.08867684751749039,0.0852515697479248,-0.6376740969717503,0.20342393964529037,0.20761039853096008,0.22759123146533966,,,,,,,,,,,,,,,,,,,,,,
1308.950537,0.4089411050081253,0.24604971706867218,0.27307142317295074,0.42169078066945076,0.18439456820487976,0.18249163031578064,-1.3632638715207577,0.4095119871199131,0.40932169184088707,0.4332986921072006,,,,,,,,,,,,,,,,,,,,,,
1309.950072,0.5491875410079956,0.3018057607114315,0.35546858236193657,0.5718324854969978,0.20703952014446259,0.21350950747728348,0.07326306402683258,0.542527262121439,0.5651722140610218,0.5990444831550121,,,,,,,,,,,,,,,,,,,,,,
1310.952156,0.7046574726700783,0.37963587418198586,0.4532795287668705,0.740242388099432,0.25956056267023087,0.261653795838356,1.0527045987546444,0.7105565778911114,0.7118886336684227,-0.6660278551280499,,,,,,,,,,,,,,,,,,,,,,
1311.950201,0.9208310842514038,0.4978082440793514,0.6034212373197079,0.9617442227900028,0.34405096620321274,0.3514724224805832,1.0702116154134274,-6.889392126351595,0.9404313303530216,0.9014211259782314,,,,,,,,,,,,,,,,,,,,,,
1312.951117,0.9250175431370735,0.46317479759454727,-5.816896986216307,0.951278068125248,0.295906662940979,0.2692655473947525,-2.145561158657074,0.9061784707009792,0.9729715511202812,1.1120762266218662,,,,,,,,,,,,,,,,,,,,,,
1313.946078,-0.049856942147016525,-0.27839964255690575,-2659888.5177029856,18953879.763612572,73727.13758383691,-14529097.946434915,-4114394.4440091774,361931.43821228296,2141301.2453061417,,,,,,,,,,,,,,,,,,,,,,,
1314.950069,0.26660143956542015,-0.4812527038156986,2659886.1180997714,-18953879.68426011,-1.0620289891958237,442.97988356649876,-706.1389066129923,4379652.7012244165,-2141300.7764225267,,,,,,,,,,,,,,,,,,,,,,,
1316.151067,-10.813437953591347,183.3626063503325,-78.79280786216259,80.46986600011587,36.27492167055607,577.4282624982297,-716.1953563392162,784.5785294212401,86.50693277642131,107.23238755762577,,,,,,,,,,,,,,,,,,,,,,
1316.951092,11.556725043803453,-184.421971231699,75.2105294726789,-79.45655219256878,-40.90134143829346,323.9234083555639,-690.1637527830899,547.6855517402291,-85.29266884550452,-105.20728229358792,,,,,,,,,,,,,,,,,,,,,,
1317.952116,-0.06184544041752815,-1.3581259436905384,2.990465071052313,0.09838182479143143,-2.0281499698758125,446.73551949486136,-703.6886852830648,663.5629808492959,0.46660009026527405,3.4939821250736713,,,,,,,,,,,,,,,,,,,,,,
1318.954097,0.8595565184950829,0.17012254148721695,-0.07859128713607788,0.9817250594496727,-0.539863146841526,451.28144504129887,-704.2218881547451,664.7049331851304,0.5948580205440521,1527101.193318352,,,,,,,,,,,,,,,,,,,,,,
1320.150466,-9.595748741179705,184.40332244336605,-77.84095891192555,81.61429215222597,37.21630446612835,578.0566122122109,-717.0313164442778,-4379242.877729803,3668936.88487453,-1526992.9921457022,,,,,,,,,,,,,,,,,,,,,,
1320.955074,11.893354550004005,-184.10950902104378,74.18066011741757,-79.11821004748344,-38.39041642844677,321.3078218214214,-690.8039006963372,4380580.279549837,-3668934.7528242134,1526682.8456186727,,,,,,,,,,,,,,,,,,,,,,
1321.947072,2.625862393528223,1.4896188713610172,6.584922254085541,2.7712467573583126,0.6919077932834625,451.7037067040801,-702.327704936266,-4379669.474660195,2142123.1318615824,,,,,,,,,,,,,,,,,,,,,,,
1322.947096,2.5794307366013527,1.2039880640804768,1.7417579889297485,2.6905622407794,0.4019002318382263,448.35073218494654,-702.4725184217095,499.36028323695064,104.73402193188667,,,,,,,,,,,,,,,,,,,,,,,
1323.955371,2.6622084826231003,1.2572702914476395,-1.8867617659270763,2.7883731834590435,-73722.89993403107,14525051.238638718,4120714.650447089,-366397.66363365203,-2142219.927592654,,,,,,,,,,,,,,,,,,,,,,,
1324.951073,2.954499565064907,1.4633583426475525,9.260070707648993,3.109208323061466,0.9035143554210663,0.9217825531959534,3.7640088461339474,2.9809503853321075,3.0237664617598057,-1526309.9234925099,,,,,,,,,,,,,,,,,,,,,,
1325.950129,3.0770486928522587,1.1212103180587292,-1.3659279830753803,3.236134197562933,0.5175987929105759,0.5668848529458046,3.812533736228943,3.2692453041672707,3.5251902900636196,4.129753287881613,,,,,,,,,,,,,,,,,,,,,,
1326.95407,3.1866578459739685,1.037481103092432,-0.6114135719835758,3.381328269839287,0.4728797748684883,0.41997814178466797,2.9676298275589943,3.5078735649585724,4381215.06575061,-2142627.496868413,,,,,,,,,,,,,,,,,,,,,,
1327.95507,3.389510903507471,1.1514670103788376,3.1099694967269897,3.556017864495516,0.5558478161692619,0.5172182023525238,5.59101839736104,3.64640736207366,165.894979249686,-97.90590436011553,0.0,,,,,,,,,,,,,,,,,,,,,
1328.955122,3.6641046702861786,1.2922843284904957,0.5231173112988472,3.826044585555792,0.16612637788057327,0.6745910719037056,-1.7685893923044205,3.8757112361490726,175.5662745758891,-97.63416499644518,1.1324376463890076,,,,,,,,,,,,,,,,,,,,,
1329.955032,3.7917917259037495,1.2915231548249722,3.0810448564589024,3.940981961786747,0.7136012688279152,0.628730297088623,-2.4993170984089375,3.980753343552351,178.25226977840066,-97.44653543457389,2.3503171540796757,,,,,,,,,,,,,,,,,,,,,
1330.950587,4.066385496407747,1.4361463449895382,1.967446282505989,4.22509041801095,0.8431912660598755,0.7261606603860855,-8.018594786524773,4.242216851562262,-4381713.394451838,2142954.897513043,,,,,,,,,,,,,,,,,,,,,,
1331.950216,4.288458213210106,1.6479432061314583,1.3676406294107437,4.51395621150732,0.9550839513540268,0.8987570106983185,-4.043740544468164,4.668094091117382,4.958101648837328,3.0203411765396595,,,,,,,,,,,,,,,,,,,,,,
1332.950089,4.339076325297356,1.9282457828521729,1.0913342125713825,4.7761808931827545,0.9134096279740334,1.0702116265892982,-0.23158740252256393,5.253056839108467,4.907483529299498,0.9390992745757103,,,,,,,,,,,,,,,,,,,,,,
1333.954766,4.5594364032149315,2.255550902336836,1.7891411148011684,5.116045393049717,1.1484223082661629,1.4844809398055077,7.334869619458914,5.693015813827515,4.92594201490283,1524726.548071023,,,,,,,,,,,,,,,,,,,,,,
1334.954278,4.85534306243062,5.175987895578146,4.962858986109495,5.431171715259552,1.4962791576981544,1.7798167243599892,2.6241497471928596,5.976172793656588,5.028890896588564,-152.91485752910376,4.4627672135829926,,,,,,,,,,,,,,,,,,,,,
1335.950141,5.141354452818632,2.958115141838789,3.327094577252865,5.741540692746639,1.7567911818623543,2.101222738623619,2.757165025919676,6.264087125658989,5.212714578956366,-1524541.038381163,,,,,,,,,,,,,,,,,,,,,,
1336.950098,5.372561268508434,3.3584930300712585,2.1545049622654915,5.992538053542376,1.9958000406622887,2.391610875725746,2.2820017226040363,6.481021910905838,5.269612390547991,12.163381271064281,,,,,,,,,,,,,,,,,,,,,,
1337.951186,5.600152496248484,3.6905554868280888,-0.20342393592000008,6.227550733834505,2.26791999489069,2.6740066930651665,9.422010622918606,6.5837804935872555,5.299107905477285,5.611379824578762,,,,,,,,,,,,,,,,,,,,,,
1338.954123,5.658953242003918,3.823380470275879,7.9076535776257515,6.226979855448008,2.4399454668164253,2.751836806535721,3.9179564267396927,6.434209667146206,5.231363363564014,1523903.181982275,,,,,,,,,,,,,,,,,,,,,,
1339.955179,5.840112823992968,4.015196494758129,3.1647740714251995,6.384543012827635,2.622246816754341,2.945365473628044,5.254388891160488,6.398434456437826,5.217852510511875,-165.06529883667827,5.403008252382278,,,,,,,,,,,,,,,,,,,,,
1340.955269,5.983403954654932,4.056870806962252,-0.6709754876792431,6.46979458257556,2.7246248051524162,2.958876319229603,10.706302620470524,6.325742274522781,5.334121946245432,-159.0501158349216,3.5409846641123295,,,,,,,,,,,,,,,,,,,,,
1341.954868,5.9881612956523895,3.9463101848959923,-2.0608804784715176,6.462944008409977,2.5841880813241005,2.8361368998885155,5.433455239981413,6.271698869764805,4383730.249725863,-3667749.7410317697,5.958094894886017,,,,,,,,,,,,,,,,,,,,,
1342.955116,6.081785786896944,3.896072655916214,2.651361744850874,6.491868648678064,2.6110194846987724,2.7676311805844307,6.494532756507397,6.162089716643095,-4383719.400512695,3667434.280553926,7.331254038959742,,,,,,,,,,,,,,,,,,,,,
1343.955208,6.317940231412649,3.958298683166504,-0.39086320251226425,6.668841764330864,2.714348942041397,2.809495784342289,7.772735361009836,6.242393642663956,4384098.141248498,-3667626.877541341,-0.6315847001969814,,,,,,,,,,,,,,,,,,,,,
1344.958067,6.3207946345210075,3.8677188977599144,5.022230613976717,6.687300246208906,0.7065604105591774,2.685995191335678,5.935259651392698,6.284258257597685,190.60746706277132,-96.12760998681188,1522898.486004185,,,,,,,,,,,,,,,,,,,,,
1345.955085,6.395770348608494,4.0003535859286785,3.0157741270959377,6.808136731386185,3.238227427005768,2.8054996207356453,3.216724246740341,6.357901901006699,178.23818804696202,-101.76753386482596,-1522887.6061537378,,,,,,,,,,,,,,,,,,,,,
1346.954188,6.605283673852682,4.074568122625351,3.8283281102776527,6.978068981319666,2.3170157596468925,2.8833297342061996,4.448685482144356,6.3997665122151375,176.14495763927698,-93.71696973964572,6.092442229390144,,,,,,,,,,,,,,,,,,,,,
1347.954527,6.637062720954418,4.128230933099985,2.102745085954666,6.929163508117199,2.8075928539037704,2.882568560540676,8.774250958114862,6.276075627654791,177.66749731078744,-94.84560151398182,1522398.1004186422,,,,,,,,,,,,,,,,,,,,,
1348.958066,6.8307816833257675,4.065434023737907,3.9084417447447777,7.088819894939661,4.7934976145625114,2.7925596460700035,10.310111191123724,6.2920602932572365,171.197322152555,-95.7588208541274,-159.66818968579173,0.0,,,,,,,,,,,,,,,,,,,,
1349.955099,7.330302573740482,4.392929431051016,2.4682992324233055,7.587769910693169,5.100060723721981,3.1259541660547256,10.818195302039385,6.735254257917404,174.81290192902088,-95.17880573496222,-153.99058766663074,-0.8782053031027317,,,,,,,,,,,,,,,,,,,,
1350.955091,7.409655030816793,4.346688073128462,5.16932762414217,7.61973924562335,73718.67807861418,-14512355.57037941,-4140409.677173134,4765596.696488775,-4385120.152618747,3666958.370540578,-1522059.780913353,,,,,,,,,,,,,,,,,,,,,
1351.946123,7.59233696013689,4.414052031934261,4.155442930757999,7.803943522274494,2.708259552717209,457.4838770143688,-698.1715008281171,-4384789.845999435,2145260.164351385,,,,,,,,,,,,,,,,,,,,,,,
1352.947118,7.97368548065424,4.5879804491996765,10.995929591357708,8.164740324020386,2.883329726755619,456.396348670125,-697.8091816715896,504.21315247938037,105.24629249796271,,,,,,,,,,,,,,,,,,,,,,,
1353.946371,8.606031350791454,5.118519205600023,4.089791614562273,8.761310990899801,3.380186513066292,457.80299950391054,-697.2820682041347,504.85615480318666,102.5732372738421,,,,,,,,,,,,,,,,,,,,,,,
1355.147083,-0.952800415456295,189.70509446784854,-70.10228611901402,90.3712263815105,41.28078702837229,586.9699678458273,-709.2167164757848,592.5067525468767,203.16913299635053,,,,,,,,,,,,,,,,,,,,,,,
1355.946098,18.71690506860614,-179.51943533867598,76.44363247603178,-72.38162373378873,-34.66237308830023,330.52602791786194,-685.0334353633225,418.0411365740001,-4.8859803378582,,,,,,,,,,,,,,,,,,,,,,,
1356.946074,9.324009381234646,6.675311744213104,4.873991843312979,9.358452536165714,3.3621086105704308,461.12457556277514,-696.8499112688005,505.9353102184832,90.48502200469375,,,,,,,,,,,,,,,,,,,,,,,
1358.146072,0.18972279503941536,190.82192803174257,-63.3367751725018,91.39767045527697,41.30933107435703,589.2989721037447,-708.362868770957,594.0696344822645,214.6780943237245,,,,,,,,,,,,,,,,,,,,,,,
1358.946077,19.149823177605867,-178.89317886158824,82.23065335676074,-71.98961877077818,-34.848290003836155,330.5775975063443,-684.6623627021909,418.7086867764592,2.97714451700449,,,,,,,,,,,,,,,,,,,,,,,
1359.946106,9.819534104317427,4.475707180798054,5.403769429773092,9.853025794029236,3.624523587524891,462.02028787881136,-696.3720838576555,506.5796445980668,109.72885025292635,,,,,,,,,,,,,,,,,,,,,,,
1360.94613,9.975765209645033,5.373322434723377,11.085557907819748,9.9824254848063,3.3600153774023056,458.3375344313681,-696.3188016302884,506.71094723045826,115.54403460025787,,,,,,,,,,,,,,,,,,,,,,,
1362.14707,0.8058937080204487,190.1463854946196,-67.57670849561691,91.99081583693624,41.550813749432564,591.9301627203822,-707.8686760999262,594.815585680306,227.19009360671043,,,,,,,,,,,,,,,,,,,,,,,
1362.949192,19.65733639895916,-179.38832300156355,81.05254523083568,-71.48705318197608,-34.66694013029337,333.7667291685939,-684.2465710230172,419.2723366357386,4.438790213316679,,,,,,,,,,,,,,,,,,,,,,,
1364.146103,0.8919064477086067,189.72298207134008,-65.82029789313674,92.04714276269078,41.04196846485138,589.1383642405272,-707.7552610747516,595.2530708312988,224.7368275783956,,,,,,,,,,,,,,,,,,,,,,,
1365.146083,10.042938876897097,4.50329976528883,9.637232765555382,10.03437566012144,2.478575088083744,459.769684612751,-696.1783648990095,507.2643212340772,,,,,,,,,,,,,,,,,,,,,,,,
1365.942073,19.565614849328995,-179.98470336943865,82.22018720582128,-71.55308508500457,-14505548.263328128,-4150676.929853454,387079.1263278276,,,,,,,,,,,,,,,,,,,,,,,,,
1366.946068,10.622192818671465,5.009290635585785,9.603550784289837,10.684418849647045,462.12228528410196,-244.52108985558152,-196.9318772777915,,,,,,,,,,,,,,,,,,,,,,,,,
1367.946371,10.855302568525076,4.306726403534412,9.254552189260721,10.929707389324903,460.07225155085325,-244.18731474876404,-196.68849167600274,613.0649391971529,,,,,,,,,,,,,,,,,,,,,,,,
1368.947104,11.141504246741533,5.105579238384962,8.383578050881624,11.285937145352364,462.23303620144725,-243.76543368026614,-196.3077140338719,609.6883682645857,,,,,,,,,,,,,,,,,,,,,,,,
1369.950543,10.359206963330507,4.2334633357822895,6.836490489542484,10.530280970036983,459.5801521129906,-244.39911160618067,4388271.318790514,-2146437.051174883,-608796.5147196203,,,,,,,,,,,,,,,,,,,,,,,
1370.946188,12.394588086754084,8.185101743787527,9.245227802544832,12.598392609506845,458.50270933657885,-242.22576757147908,-4388663.219856128,2147662.5816282034,609601.4063374475,,,,,,,,,,,,,,,,,,,,,,,
1371.950114,11.99116550013423,8.414025034755468,9.628859844058752,12.196492370218039,462.6126720793545,-242.66344301775098,4388621.984929878,-2146642.750833135,-609369.3983886316,,,,,,,,,,,,,,,,,,,,,,,
1372.946545,11.822945892810822,2.1841907761991024,6.983206909149885,12.076417062431574,457.30671360343695,-242.62157841026783,-19.24306707829237,509.62186954542994,112.01808313652873,,,,,,,,,,,,,,,,,,,,,,,
1373.946106,12.561285343021154,6.099483087658882,8.496041614562273,12.873937845230103,460.8849958255887,-241.7749618627131,-26.259194791316986,510.2960800267756,111.18554832041264,,,,,,,,,,,,,,,,,,,,,,,
1374.950075,12.180697996169329,5.6022457256913185,8.296804133802652,12.544539496302605,14428161.74568588,4157101.6459570676,-4781603.752293233,4389835.790819135,-2147438.929474555,,,,,,,,,,,,,,,,,,,,,,,
1375.947937,13.005811363458633,6.391774173825979,7.980536051094532,13.4351138882339,4.6150021478533745,457.1628515869379,-691.8845784626901,-4388814.994473975,2147668.65237695,,,,,,,,,,,,,,,,,,,,,,,
1377.946072,-30.070396468043327,925.3322892040014,-354.6141621954739,426.6372726485133,196.53435380011797,1100.3954273164272,-745.3224670737982,951.8578951396048,664.7079778797925,,,,,,,,,,,,,,,,,,,,,,,
1378.946141,13.327027082443237,7.609273090958595,10.781849205493927,13.867270819842815,3.8195745944976807,464.2349256426096,-691.3201674334705,510.9988345615566,117.50653325021267,,,,,,,,,,,,,,,,,,,,,,,
1379.950072,13.243488159030676,6.458376958966255,10.301167394965887,13.836062654852867,4.612147748470306,463.6667087338865,-691.249758772552,510.9914131090045,117.81480899825692,,,,,,,,,,,,,,,,,,,,,,,
1380.951119,13.285352770239115,6.612895421683788,6.752190388739109,13.96964881196618,4.420522019267082,461.83322919905186,-691.0872479788959,510.96705551445484,118.0804589651525,302.50014666840434,,,,,,,,,,,,,,,,,,,,,,
1381.950168,13.501906968653202,6.752380684018135,9.594226397573948,14.207325611263514,4.7476368471980095,461.0016458518803,-690.7882966138422,511.0806608386338,118.72707686573267,306.60154620185494,,,,,,,,,,,,,,,,,,,,,,
1382.949157,13.680402431637049,6.98948659747839,9.685947947204113,14.427495390176773,4.6136700958013535,462.3654805980623,-690.5287360474467,511.14421892538667,123.43437145277858,,,,,,,,,,,,,,,,,,,,,,,
1383.95007,13.79134364426136,7.094338413327932,9.204695247113705,14.618930824100971,4.701395481824875,463.75043795630336,-690.2588996179402,511.1362265907228,119.2846373282373,,,,,,,,,,,,,,,,,,,,,,,
1384.950072,13.974977038800716,9.194609679281712,10.152928616851568,14.852040573954582,4.80377347022295,14497300.616426572,4163667.223526668,-396703.3338716887,-2148478.526644297,-613216.9126672484,,,,,,,,,,,,,,,,,,,,,,
1385.9551,14.17174069583416,7.584534913301468,9.121536917984486,15.083247385919094,4.934885822236538,5.1973007917404175,13.254334896802902,15.276395466178656,14.689339488744736,1516390.0570498072,,,,,,,,,,,,,,,,,,,,,,
1386.951094,14.348333224654198,7.722307536751032,6.1584741324186325,15.274492528289557,5.070945791900158,5.242019809782505,12.584501169621944,15.426727470010519,14.737103197723627,-1516357.319306925,,,,,,,,,,,,,,,,,,,,,,
1387.954068,14.414555419236422,7.700423758476973,9.808497071266174,15.31616684421897,4.992735095322132,5.2958729192614555,13.684208303689957,15.45222682133317,14.86612230911851,16.54413191229105,,,,,,,,,,,,,,,,,,,,,,
1388.954096,14.57858857139945,7.923067357391119,8.401465654373169,15.54509012773633,5.039357043802738,5.46561487019062,12.820465322583914,15.725488536059856,14.925684228539467,1515865.8973145448,-614371.7484502383,,,,,,,,,,,,,,,,,,,,,
1389.954101,14.79038542509079,8.057414691895247,10.170245345681906,15.781815461814404,5.318327568471432,5.688829354941845,14.650519575923681,15.934621281921864,15.01474166661501,-157.003317091614,12.552531830966473,298.44365644454956,,,,,,,,,,,,,,,,,,,,
1390.954325,14.915218073874712,8.364548679441214,7.263699784874916,15.929863933473825,5.437831990420818,5.882738597691059,11.17138035595417,16.04384984821081,15.028823401778936,-1515659.3890984766,615262.6335885003,,,,,,,,,,,,,,,,,,,,,
1391.951092,15.106463219970465,8.596136078238487,6.964367836713791,16.131004352122545,4.305204048752785,6.108236603438854,10.955967918038368,16.1679213270545,15.037196315824986,16.327577710151672,,,,,,,,,,,,,,,,,,,,,,
1392.950084,15.222352061420679,8.782814174890518,9.37634014338255,16.26915755495429,5.783024720847607,6.25894919782877,13.484399944543839,16.263829335570335,15.058318920433521,8.350276656448841,,,,,,,,,,,,,,,,,,,,,,
1393.950402,15.328916523605585,8.906885642558336,9.593465220183134,16.36906173452735,5.861996591091156,6.357140727341175,16.497890550643206,16.31616009399295,15.042524542659521,17.565818645060062,,,,,,,,,,,,,,,,,,,,,,
1394.954069,15.44899182394147,9.00564806163311,3.3291878066956997,16.486853517591953,5.910902068018913,6.418605588376522,14.886674024164677,16.35041295737028,15.041953664273024,16.28361987322569,,,,,,,,,,,,,,,,,,,,,,
1395.950095,15.581245932728052,9.057027354836464,3.6583958566188812,16.589992683380842,6.0246976763010025,6.4635148867964745,14.28230131790042,16.294847205281258,15.170972771942616,18.22537651285529,,,,,,,,,,,,,,,,,,,,,,
1396.951094,15.591902375221252,8.626583069562912,3.4102529138326645,16.474294137209654,5.730503663420677,6.008522719144821,15.136149026453495,16.10759823024273,15.500371120870113,22.04323846846819,,,,,,,,,,,,,,,,,,,,,,
1397.9542,15.720350604504347,8.18357939645648,5.213475756347179,16.26401962712407,5.703481957316399,5.608525425195694,9.570059098303318,15.19723329693079,15.75878992676735,1514374.3808353804,,,,,,,,,,,,,,,,,,,,,,
1398.95442,16.351745013147593,7.355611626058817,11.217431422322989,16.99379586055875,6.046391159296036,5.29473115503788,4.776180896908045,16.251269955188036,16.56639627739787,-154.33330656960607,9.543417982757092,,,,,,,,,,,,,,,,,,,,,
1399.954098,16.942035984247923,13.087257046252489,24.467770159244537,17.594933573156595,6.6604688465595245,-14489968.789794702,-4174870.3007184416,404672.2606754005,3664179.56798305,-1514165.326870557,617854.9536749087,,,,,,,,,,,,,,,,,,,,,
1400.955318,16.944700095802546,9.66197094321251,10.77195393294096,17.605590019375086,6.591392233967781,463.545301374048,-688.2098173499107,513.7510519511998,-47.48987927660346,9.928001496940851,300.74487783387303,,,,,,,,,,,,,,,,,,,,,
1401.952813,16.880571126937866,9.90155067294836,10.577473804354668,17.53575224429369,6.245057754218578,462.8457818366587,-688.2235184945166,513.8863507509232,-42.51826677843928,18.428039275109768,,,,,,,,,,,,,,,,,,,,,,
1402.950071,17.32947390526533,9.603741075843573,9.760352775454521,18.07257068902254,6.748194225132465,466.23434126004577,-687.671857137233,514.0576150529087,-52.22038968652487,18.488552663475275,,,,,,,,,,,,,,,,,,,,,,
1403.946076,17.724142979830503,9.67491091042757,14.195717696100473,18.418334297835827,6.911656491458416,450.60989867150784,-687.359014339745,514.6475254446268,-1513399.0104443207,,,,,,,,,,,,,,,,,,,,,,,
1404.948071,17.780279610306025,9.627718079835176,11.362435203045607,18.464765951037407,6.82830785959959,466.81492725759745,-687.3430296704173,514.708038829267,121.15217943117023,,,,,,,,,,,,,,,,,,,,,,,
1405.954178,17.6630587130785,9.423532970249653,13.383163716644049,18.359343256801367,6.590631067752838,465.5178855843842,-687.4653885029256,514.6288766637444,1513152.9059208184,,,,,,,,,,,,,,,,,,,,,,,
1406.954075,17.67599868029356,9.347415495663881,18.671995762735605,18.37266381457448,6.4994803965091705,478.19201507791877,-687.4545417614281,4395251.794796683,-3663772.1341963857,1512887.5539534837,-619560.8696584664,,,,,,,,,,,,,,,,,,,,,
1407.954166,17.764104649424553,9.322296734899282,3.961153093725443,18.4571542032063,6.432306721806526,464.1928707398474,-687.397263366729,679.6220541931689,18.005967911332846,-143.69113291800022,13.624836683273315,291.5523613765836,,,,,,,,,,,,,,,,,,,,
1408.954333,17.848214454948902,9.180337652564049,-1.1834363490343094,18.51938023790717,6.344581350684166,465.16298788785934,-687.3399849720299,-4394387.124705076,3663634.345021736,-1512687.5534004346,620447.7770880833,,,,,,,,,,,,,,,,,,,,,
1409.954206,17.953446853905916,9.187188230454922,7.457989621907473,18.58997919037938,6.364562176167965,461.0884197615087,-687.3479773066938,515.0111766532063,-41.644628528505564,20.71346628665924,300.79340271651745,,,,,,,,,,,,,,,,,,,,,
1410.954098,18.287602547556162,9.046370904892683,4.382463287562132,18.799873109906912,6.390061534941196,473.4510385133326,-687.3413170278072,515.7173564694822,-44.587710469961166,22.78861878439784,300.5833185017109,,,,,,,,,,,,,,,,,,,,,
1411.951073,18.602728866040707,9.129719536751509,8.44504290446639,18.99873000010848,6.585302837193012,490.83836168423295,-687.3099185712636,516.0147854797542,-40.20372483879328,19.039262548089027,300.35820109024644,,,,,,,,,,,,,,,,,,,,,
1412.95407,18.419285766780376,8.928008243441582,10.00564131885767,18.842498891055584,6.334305487573147,466.94413666427135,-687.4410309121013,515.8448532298207,-39.8366483412683,21.201379261910915,300.216812890023,,,,,,,,,,,,,,,,,,,,,
1413.955068,17.283422835171223,7.8380060866475105,11.826371178030968,17.78693988919258,3.9579181000590324,465.6634602434933,-688.435886234045,514.6031870208681,-40.079843655228615,17.719005048274994,294.33236164599657,,,,,,,,,,,,,,,,,,,,,
1414.950071,18.099021516740322,8.962261106818914,12.041022438555956,18.710435081273317,6.095296636223793,469.6299415640533,-687.4269491806626,515.1059428974986,-42.70779927819967,20.97550067305565,,,,,,,,,,,,,,,,,,,,,,
1415.95212,18.648018758744,9.840466406196356,11.967188499867916,19.35495975613594,6.767984762787819,462.3569173850119,-686.8235279433429,515.2633157670498,-37.93561455234885,19.56485367566347,,,,,,,,,,,,,,,,,,,,,,
1416.950094,18.589218016713858,10.108970776200294,12.582027349621058,19.296729888767004,6.933730557560921,-4186374.499950096,412423.622820057,3663653.277148947,-1511286.500059493,622716.5446485095,,,,,,,,,,,,,,,,,,,,,,
1417.95528,18.33879154548049,3.302927277982235,15.113504081964493,19.060194853693247,6.64067830145359,4187306.5258192495,-413797.903553877,-3662623.6962769665,1511200.8608658724,-622678.7452842295,,,,,,,,,,,,,,,,,,,,,,
1418.954066,17.389796994626522,8.685574106872082,12.479649357497692,18.110058546066284,5.5120465233922005,466.8478480614722,-688.2627189904451,513.6068093441427,-43.74033274501562,17.62024263292551,296.9449034780264,,,,,,,,,,,,,,,,,,,,,
1419.954215,16.329290356487036,7.557703502476215,11.763764560222626,17.070484213531017,4.355822168290615,459.26978313177824,-689.3521502688527,512.5742758773267,-47.53688181191683,16.59855590388179,296.62292658910155,,,,,,,,,,,,,,,,,,,,,
1420.956075,16.396273732185364,7.583773739635944,9.735043715685606,17.110636178404093,4.356202758848667,14480772.962042652,4188951.3438326903,-414585.6908152066,-3662937.0953034535,1510607.973716274,-623539.4264398627,,,,,,,,,,,,,,,,,,,,,
1421.954072,16.685900703072548,7.817264076322317,9.26064158603549,17.439844228327274,4.540597327053547,4.519474729895592,11.70039676502347,15.99608613923192,16.1117846891284,-146.93849444389343,12.880978710949421,290.53695433959365,,,,,,,,,,,,,,,,,,,,
1422.954104,17.255830246955156,8.359981633722782,12.936163879930973,18.01776611432433,5.039547339081764,5.042782329022884,12.478127006441355,16.55992628633976,16.642704039812088,-141.9206405840814,13.454333547502756,293.21933395043015,,,,,,,,,,,,,,,,,,,,
1423.954097,17.749642334878445,8.684622634202242,11.50858074054122,18.501112043857574,5.366662159562111,5.345729857683182,15.642330195754766,17.058115128427744,4397562.710502699,-3662862.9776305445,1510108.763955336,-624402.364668753,,,,,,,,,,,,,,,,,,,,
1424.954191,17.825188919901848,8.6113595739007,11.11105726286769,18.611292079091072,5.266757979989052,5.281030006706715,-4192433.7212798856,4814808.149112873,-4397528.171059318,3662565.5438626185,-1510080.4910729006,624989.3532853723,,,,,,,,,,,,,,,,,,,,
1425.958071,18.161628130823374,8.938093807548285,10.584514670073986,18.96200332045555,5.537355586886406,5.603958375751972,4192462.4128084034,-4814773.4003464505,4397888.907730147,-3662734.403046407,1509780.5022318326,-624972.9821304083,,,,,,,,,,,,,,,,,,,,
1426.954073,18.617571774870157,9.172916200011969,13.477929964661598,19.402913760393858,5.778267376124859,5.800531730055809,-4193836.8495830335,4816127.310142599,-4397853.033376653,3662436.0469250493,-1509750.683784183,625557.8944527619,,,,,,,,,,,,,,,,,,,,
1427.954072,18.717856541275978,9.301745019853115,7.9481861256062984,19.533074628561735,5.843918688595295,5.867705404758453,-686.9047833420336,683.7447666116059,18.200257748365402,-151.91239046305418,15.130630511790514,294.6265556588769,,,,,,,,,,,,,,,,,,,,
1428.953863,19.272943180054426,15.779341638088226,8.939616162329912,20.090825386345387,6.320794641971588,5.668277636170387,-686.3807145655155,-4397683.204836894,3662406.0461760648,-1509408.4908511862,626134.572006721,,,,,,,,,,,,,,,,,,,,,
1429.954067,19.7414462082088,12.261763099581003,14.709891200065613,20.568462505936623,6.6886323019862175,6.107285134494305,4195310.975123439,-419054.03591780737,-3662368.135680273,1509116.2075718045,-626102.8373017944,,,,,,,,,,,,,,,,,,,,,
1430.954069,19.486072093248367,7.985864270478487,12.958428241312504,20.31175634264946,6.28863500058651,5.729171611368656,-4196682.992314018,420085.6295259632,3662286.0058825687,-1509076.352084387,626702.8423862271,,,,,,,,,,,,,,,,,,,,,
1431.950069,19.493303257972002,9.754453662782907,6.7693168222904205,20.330975998193026,6.282165020704269,6.3097576051950455,-686.1144937202334,515.6842453703284,-37.450555980205536,19.809761632233858,,,,,,,,,,,,,,,,,,,,,,
1432.955213,19.9699889048934,10.173480331897736,10.324002631008625,20.808422826230526,5.830978721380234,6.698908157646656,4197451.163722973,-420544.2696273215,-3662191.2402043864,1508633.6266234666,,,,,,,,,,,,,,,,,,,,,,
1433.954067,19.880360584706068,9.960732009261847,10.728376686573029,20.681306656450033,6.376740977168083,6.403572387993336,18.679417215287685,19.131364692002535,19.292162843048573,-142.84851253405213,16.2585011087358,,,,,,,,,,,,,,,,,,,,,
1434.950112,20.040778152644634,10.088989939540625,9.853025790303946,20.90756582841277,6.471507228910923,6.263135656714439,-4199527.054564286,422073.53199825436,3662050.7260243446,-1508433.5628929213,,,,,,,,,,,,,,,,,,,,,,
1435.954093,20.039255805313587,8.702700536698103,13.402763962745667,20.89234233647585,6.1681791096925735,6.30538085103035,-685.6149728298187,516.2623575516045,-36.877962317317724,22.74865711480379,,,,,,,,,,,,,,,,,,,,,,
1436.954115,19.774747595191002,10.810202959924936,11.512957498431206,20.663989927619696,5.678743779659271,5.150869138538837,4200270.655063916,-422531.7633488104,-3661955.4621573314,23.153602048754692,298.26401921734214,,,,,,,,,,,,,,,,,,,,,
1437.946067,19.583312164992094,8.033247396349907,12.252819299697876,20.52716877683997,5.229650720953941,5.282932944595814,-4201641.959604692,423564.0825467445,,,,,,,,,,,,,,,,,,,,,,,,
1439.146978,12.321515314280987,193.82609424367547,-52.992411118000746,104.5458214841783,43.16183998435736,43.107606291770935,-694.9602950960398,606.8628878109157,,,,,,,,,,,,,,,,,,,,,,,,
1439.946079,27.198484364897013,-179.17919025197625,87.8300446793437,-63.192722860723734,-33.94782035052776,-33.775414280593395,-675.441302202642,427.4490654617548,,,,,,,,,,,,,,,,,,,,,,,,
1440.946069,19.26342849805951,7.368551593273878,9.17938619107008,20.212232749909163,3.6209080070257187,3.6079680398106575,-685.3727289810777,517.0081184506416,,,,,,,,,,,,,,,,,,,,,,,,
1441.953094,18.943354539573193,6.992150712758303,12.58659440279007,19.899580243974924,3.219198063015938,3.234040968120098,4203780.38532364,-425017.4902441092,,,,,,,,,,,,,,,,,,,,,,,,
1442.95407,19.241544727236032,7.095099586993456,12.36547314748168,20.21185215935111,3.1234803423285484,3.264487959444523,17.30169102549553,19.623654421418905,20.349624786525965,-135.77662876993418,-12.41704273596406,,,,,,,,,,,,,,,,,,,,,
1443.954202,19.422514010220766,7.1862502582371235,16.420821618288755,20.389396160840988,3.417103484272957,3.354306571185589,15.891805201768875,19.775889363139868,20.475028313696384,-141.08201637119055,-6.8985262252390385,,,,,,,,,,,,,,,,,,,,,
1444.951128,19.61318826675415,7.3403881303966045,5.892062988132238,20.592058923095465,3.471527472138405,3.467341013252735,16.083050344139338,20.026696421205997,20.66836668550968,-146.89720071852207,14.310464780777693,,,,,,,,,,,,,,,,,,,,,
1445.95418,20.217370685189962,7.834961388260126,12.076226774603128,21.198524855077267,3.997689478099346,3.9263293519616127,15.409791328012943,20.58121218532324,21.275213208049536,-134.1475246399641,19.94391867145896,,,,,,,,,,,,,,,,,,,,,
1446.955097,20.083403933793306,7.606989566236734,11.90477216988802,21.069505743682384,3.705017812550068,3.6386053264141083,16.832236532121897,20.459233939647675,21.164652582257986,-151.27395518869162,19.86266327276826,,,,,,,,,,,,,,,,,,,,,
1447.947108,20.49101298302412,7.872449241578579,10.769860707223415,21.47882743552327,3.968574546277523,3.9166243746876717,-4208656.259359732,428539.60957340524,2155122.9295619912,,,,,,,,,,,,,,,,,,,,,,,
1449.150231,13.28554305806756,193.21430008485913,-63.55827700719237,105.67331149429083,42.069554299116135,42.03454026579857,4208820.474807024,-428507.08039238304,-2154989.5369323455,,,,,,,,,,,,,,,,,,,,,,,
1449.95095,27.916842978447676,-177.34704276919365,83.98782513290644,-62.436495807021856,-34.244107596576214,-34.19539241492748,-137.34902539104223,30.377149868756533,-68.42218328267336,-86.67572326213121,,,,,,,,,,,,,,,,,,,,,,
1450.94807,20.491203278303146,7.718691952526569,5.405291777104139,21.510606478899717,3.690745785832405,3.6639143750071526,-4210735.176251031,430031.8232885897,2155436.622211609,,,,,,,,,,,,,,,,,,,,,,,
1451.946129,21.149048499763012,8.233816925436258,9.693749986588955,22.163884662091732,4.2083445712924,4.153730295598507,-683.4633222669363,518.9736617989838,126.81988618522882,,,,,,,,,,,,,,,,,,,,,,,
1452.946297,20.490822687745094,7.501566872000694,12.282695405185223,21.54581080749631,3.4275696352124214,3.283327028155327,-684.0305877104402,518.3262827284634,126.22065140679479,,,,,,,,,,,,,,,,,,,,,,,
1453.946143,20.74467445164919,7.651518288999796,14.026546619832516,21.786722596734762,3.581897810101509,3.515675611793995,-683.8480960763991,518.5690974481404,126.46080202236772,,,,,,,,,,,,,,,,,,,,,,,
1454.949069,21.100523613393307,7.964931964874268,11.125138998031616,22.165977887809277,3.8288989886641502,3.764770023524761,-683.4631319753826,518.9087716601789,1505157.6637856886,,,,,,,,,,,,,,,,,,,,,,,
1455.950654,21.436011362820864,8.166643258184195,7.349522229284048,22.484719790518284,4.023379124701023,3.965720146894455,-683.1299277544022,519.2488264478743,-33.68331214040518,25.245690688490868,,,,,,,,,,,,,,,,,,,,,,
1456.951224,21.942573118954897,8.575394067913294,9.061594408005476,22.986143618822098,4.416906431317329,4.350303649902344,-682.702528167516,519.7559590898454,-37.01326111704111,25.725611332803965,,,,,,,,,,,,,,,,,,,,,,
1457.950335,21.870642110705376,8.48176958411932,14.023882512003183,22.918969947844744,4.278753235936165,4.191027857363224,4214981.710671857,-432973.136642687,-3660725.1869215816,25.70068285986781,,,,,,,,,,,,,,,,,,,,,,
1458.954065,22.135530900210142,8.726106658577919,10.142081879079342,23.172631420195103,4.506725057959557,4.445640787482262,20.75437942519784,22.427060812711716,23.095752779394388,1504403.7977035828,,,,,,,,,,,,,,,,,,,,,,
1459.954146,22.60574657097459,9.2996517829597,11.063864432275295,23.696509897708893,5.017092682421207,4.9818883538246155,17.959155663847923,22.82439399883151,23.320299308747053,-136.71116099879146,21.85789243131876,,,,,,,,,,,,,,,,,,,,,
1460.949087,23.742751259356737,10.702687039971352,11.223330527544022,24.810679353773594,6.148007981479168,6.377692446112633,-4217749.310260281,435008.19331622496,3660535.724070959,-1504198.1756851487,,,,,,,,,,,,,,,,,,,,,,
1461.946072,23.728479240089655,10.672810927033424,7.020694766193628,24.73189777135849,6.404714144766331,6.32669373601675,-681.5539155565202,520.7473891228437,-1503932.165301703,,,,,,,,,,,,,,,,,,,,,,,
1462.946099,23.278815288096666,10.187562067061663,10.567768827080727,24.31667697802186,5.855146020650864,5.807762898504734,-681.9129997193813,520.2490099929273,127.45109029486775,,,,,,,,,,,,,,,,,,,,,,,
